{
    "m_IsLocalPosition": 0,
    "m_Items": [
        {
            "m_Classname": "AK101",
            "m_LocalPosition": [
                7646.07763671875,
                139.30555725097657,
                6445.40234375
            ],
            "m_LocalRotation": [
                -91.49222564697266,
                90.0,
                91.49222564697266
            ],
            "m_Data": {
                "m_Health": 300.0,
                "m_Quantity": 0.0,
                "m_LiquidType": 0,
                "m_Temperature": 0
            },
            "m_ConstructionParts": [],
            "m_Attachments": []
        },
        {
            "m_Classname": "AK101",
            "m_LocalPosition": [
                7646.07763671875,
                139.28652954101563,
                6445.40234375
            ],
            "m_LocalRotation": [
                -1.4733723402023316,
                -90.0,
                178.526123046875
            ],
            "m_Data": {
                "m_Health": 300.0,
                "m_Quantity": 0.0,
                "m_LiquidType": 0,
                "m_Temperature": 0
            },
            "m_ConstructionParts": [],
            "m_Attachments": []
        }
    ]
}