{
    "m_IsLocalPosition": 0,
    "m_Items": [
        {
            "m_Classname": "ExpansionWallKit",
            "m_LocalPosition": [
                2961.550048828125,
                197.70925903320313,
                516.1600341796875
            ],
            "m_LocalRotation": [
                -106.26020050048828,
                90.0,
                106.26020050048828
            ],
            "m_Data": {
                "m_Health": 100.0,
                "m_Quantity": 0.0,
                "m_LiquidType": 0,
                "m_Temperature": 0
            },
            "m_ConstructionParts": [],
            "m_Attachments": [
                {
                    "m_Classname": "Rope",
                    "m_Data": {
                        "m_Health": 200.0,
                        "m_Quantity": 0.0,
                        "m_LiquidType": 0,
                        "m_Temperature": 0
                    },
                    "m_Attachments": []
                }
            ]
        },
        {
            "m_Classname": "ExpansionWallKit",
            "m_LocalPosition": [
                2958.88232421875,
                202.03717041015626,
                490.231689453125
            ],
            "m_LocalRotation": [
                -70.598876953125,
                -75.48906707763672,
                155.6279754638672
            ],
            "m_Data": {
                "m_Health": 100.0,
                "m_Quantity": 0.0,
                "m_LiquidType": 0,
                "m_Temperature": 0
            },
            "m_ConstructionParts": [],
            "m_Attachments": [
                {
                    "m_Classname": "Rope",
                    "m_Data": {
                        "m_Health": 200.0,
                        "m_Quantity": 0.0,
                        "m_LiquidType": 0,
                        "m_Temperature": 0
                    },
                    "m_Attachments": []
                }
            ]
        },
        {
            "m_Classname": "ExpansionWallKit",
            "m_LocalPosition": [
                2961.1943359375,
                201.27540588378907,
                510.6434020996094
            ],
            "m_LocalRotation": [
                109.83583068847656,
                -75.48906707763672,
                -124.04933166503906
            ],
            "m_Data": {
                "m_Health": 100.0,
                "m_Quantity": 0.0,
                "m_LiquidType": 0,
                "m_Temperature": 0
            },
            "m_ConstructionParts": [],
            "m_Attachments": [
                {
                    "m_Classname": "Rope",
                    "m_Data": {
                        "m_Health": 200.0,
                        "m_Quantity": 0.0,
                        "m_LiquidType": 0,
                        "m_Temperature": 0
                    },
                    "m_Attachments": []
                }
            ]
        }
    ]
}