{
    "m_IsLocalPosition": 0,
    "m_Items": [
        {
            "m_Classname": "ExpansionHelipadKit",
            "m_LocalPosition": [
                7487.68212890625,
                125.34164428710938,
                6347.22998046875
            ],
            "m_LocalRotation": [
                0.0,
                90.0,
                -0.0
            ],
            "m_Data": {
                "m_Health": 100.0,
                "m_Quantity": 0.0,
                "m_LiquidType": 0,
                "m_Temperature": 0
            },
            "m_ConstructionParts": [],
            "m_Attachments": [
                {
                    "m_Classname": "Rope",
                    "m_Data": {
                        "m_Health": 200.0,
                        "m_Quantity": 0.0,
                        "m_LiquidType": 0,
                        "m_Temperature": 0
                    },
                    "m_Attachments": []
                }
            ]
        },
        {
            "m_Classname": "MetalWire",
            "m_LocalPosition": [
                7487.68212890625,
                125.5467529296875,
                6347.22998046875
            ],
            "m_LocalRotation": [
                80.74098205566406,
                0.0,
                -0.0
            ],
            "m_Data": {
                "m_Health": 500.0,
                "m_Quantity": 0.0,
                "m_LiquidType": 0,
                "m_Temperature": 0
            },
            "m_ConstructionParts": [],
            "m_Attachments": []
        },
        {
            "m_Classname": "MetalPlate",
            "m_LocalPosition": [
                7487.23486328125,
                124.10692596435547,
                6346.1923828125
            ],
            "m_LocalRotation": [
                21.908321380615236,
                0.31693005561828616,
                0.009692094288766384
            ],
            "m_Data": {
                "m_Health": 100.0,
                "m_Quantity": 10.0,
                "m_LiquidType": 0,
                "m_Temperature": 0
            },
            "m_ConstructionParts": [],
            "m_Attachments": []
        },
        {
            "m_Classname": "Shovel",
            "m_LocalPosition": [
                7487.68212890625,
                125.60359954833985,
                6347.22998046875
            ],
            "m_LocalRotation": [
                -73.35794067382813,
                0.0,
                -0.0
            ],
            "m_Data": {
                "m_Health": 200.0,
                "m_Quantity": 0.0,
                "m_LiquidType": 0,
                "m_Temperature": 0
            },
            "m_ConstructionParts": [],
            "m_Attachments": []
        },
        {
            "m_Classname": "WoodenLog",
            "m_LocalPosition": [
                7487.68212890625,
                125.3840560913086,
                6347.22998046875
            ],
            "m_LocalRotation": [
                -10.580156326293946,
                0.0,
                -0.0
            ],
            "m_Data": {
                "m_Health": 500.0,
                "m_Quantity": 1.0,
                "m_LiquidType": 0,
                "m_Temperature": 0
            },
            "m_ConstructionParts": [],
            "m_Attachments": []
        },
        {
            "m_Classname": "WoodenPlank",
            "m_LocalPosition": [
                7487.68212890625,
                125.45167541503906,
                6347.22998046875
            ],
            "m_LocalRotation": [
                -121.57841491699219,
                0.0,
                -0.0
            ],
            "m_Data": {
                "m_Health": 100.0,
                "m_Quantity": 10.0,
                "m_LiquidType": 0,
                "m_Temperature": 0
            },
            "m_ConstructionParts": [],
            "m_Attachments": []
        }
    ]
}