{
    "m_IsLocalPosition": 0,
    "m_Items": [
        {
            "m_Classname": "ExpansionFloorKit",
            "m_LocalPosition": [
                7647.36962890625,
                139.2042236328125,
                6440.68896484375
            ],
            "m_LocalRotation": [
                -84.5867691040039,
                86.38003540039063,
                -30.63901710510254
            ],
            "m_Data": {
                "m_Health": 100.0,
                "m_Quantity": 0.0,
                "m_LiquidType": 0,
                "m_Temperature": 0
            },
            "m_ConstructionParts": [],
            "m_Attachments": [
                {
                    "m_Classname": "Rope",
                    "m_Data": {
                        "m_Health": 200.0,
                        "m_Quantity": 0.0,
                        "m_LiquidType": 0,
                        "m_Temperature": 0
                    },
                    "m_Attachments": []
                }
            ]
        },
        {
            "m_Classname": "ExpansionFloorKit",
            "m_LocalPosition": [
                7647.36962890625,
                139.2200164794922,
                6440.68896484375
            ],
            "m_LocalRotation": [
                95.45677185058594,
                -86.37965393066406,
                -149.40452575683595
            ],
            "m_Data": {
                "m_Health": 100.0,
                "m_Quantity": 0.0,
                "m_LiquidType": 0,
                "m_Temperature": 0
            },
            "m_ConstructionParts": [],
            "m_Attachments": [
                {
                    "m_Classname": "Rope",
                    "m_Data": {
                        "m_Health": 200.0,
                        "m_Quantity": 0.0,
                        "m_LiquidType": 0,
                        "m_Temperature": 0
                    },
                    "m_Attachments": []
                }
            ]
        },
        {
            "m_Classname": "ExpansionWallKit",
            "m_LocalPosition": [
                7647.46923828125,
                139.22654724121095,
                6440.64453125
            ],
            "m_LocalRotation": [
                95.45677185058594,
                -86.37965393066406,
                -149.40452575683595
            ],
            "m_Data": {
                "m_Health": 100.0,
                "m_Quantity": 0.0,
                "m_LiquidType": 0,
                "m_Temperature": 0
            },
            "m_ConstructionParts": [],
            "m_Attachments": [
                {
                    "m_Classname": "Rope",
                    "m_Data": {
                        "m_Health": 200.0,
                        "m_Quantity": 0.0,
                        "m_LiquidType": 0,
                        "m_Temperature": 0
                    },
                    "m_Attachments": []
                }
            ]
        },
        {
            "m_Classname": "ExpansionFloorKit",
            "m_LocalPosition": [
                7647.36962890625,
                139.2042236328125,
                6440.68896484375
            ],
            "m_LocalRotation": [
                -84.5867691040039,
                86.38003540039063,
                -30.63901710510254
            ],
            "m_Data": {
                "m_Health": 100.0,
                "m_Quantity": 0.0,
                "m_LiquidType": 0,
                "m_Temperature": 0
            },
            "m_ConstructionParts": [],
            "m_Attachments": [
                {
                    "m_Classname": "Rope",
                    "m_Data": {
                        "m_Health": 200.0,
                        "m_Quantity": 0.0,
                        "m_LiquidType": 0,
                        "m_Temperature": 0
                    },
                    "m_Attachments": []
                }
            ]
        },
        {
            "m_Classname": "ExpansionFloorKit",
            "m_LocalPosition": [
                7647.36962890625,
                139.2200164794922,
                6440.68896484375
            ],
            "m_LocalRotation": [
                95.45677185058594,
                -86.37965393066406,
                -149.40452575683595
            ],
            "m_Data": {
                "m_Health": 100.0,
                "m_Quantity": 0.0,
                "m_LiquidType": 0,
                "m_Temperature": 0
            },
            "m_ConstructionParts": [],
            "m_Attachments": [
                {
                    "m_Classname": "Rope",
                    "m_Data": {
                        "m_Health": 200.0,
                        "m_Quantity": 0.0,
                        "m_LiquidType": 0,
                        "m_Temperature": 0
                    },
                    "m_Attachments": []
                }
            ]
        },
        {
            "m_Classname": "ExpansionWallKit",
            "m_LocalPosition": [
                7647.36962890625,
                139.2042236328125,
                6440.68896484375
            ],
            "m_LocalRotation": [
                -84.5867691040039,
                86.38003540039063,
                -30.63901710510254
            ],
            "m_Data": {
                "m_Health": 100.0,
                "m_Quantity": 0.0,
                "m_LiquidType": 0,
                "m_Temperature": 0
            },
            "m_ConstructionParts": [],
            "m_Attachments": [
                {
                    "m_Classname": "Rope",
                    "m_Data": {
                        "m_Health": 200.0,
                        "m_Quantity": 0.0,
                        "m_LiquidType": 0,
                        "m_Temperature": 0
                    },
                    "m_Attachments": []
                }
            ]
        },
        {
            "m_Classname": "ExpansionFloorKit",
            "m_LocalPosition": [
                7644.60693359375,
                138.98849487304688,
                6446.60498046875
            ],
            "m_LocalRotation": [
                -79.26107788085938,
                86.62153625488281,
                -35.6073112487793
            ],
            "m_Data": {
                "m_Health": 100.0,
                "m_Quantity": 0.0,
                "m_LiquidType": 0,
                "m_Temperature": 0
            },
            "m_ConstructionParts": [],
            "m_Attachments": [
                {
                    "m_Classname": "Rope",
                    "m_Data": {
                        "m_Health": 200.0,
                        "m_Quantity": 0.0,
                        "m_LiquidType": 0,
                        "m_Temperature": 0
                    },
                    "m_Attachments": []
                }
            ]
        },
        {
            "m_Classname": "ExpansionWallKit",
            "m_LocalPosition": [
                7647.36962890625,
                139.2200164794922,
                6440.68896484375
            ],
            "m_LocalRotation": [
                95.45677185058594,
                -86.37965393066406,
                -149.40452575683595
            ],
            "m_Data": {
                "m_Health": 100.0,
                "m_Quantity": 0.0,
                "m_LiquidType": 0,
                "m_Temperature": 0
            },
            "m_ConstructionParts": [],
            "m_Attachments": [
                {
                    "m_Classname": "Rope",
                    "m_Data": {
                        "m_Health": 200.0,
                        "m_Quantity": 0.0,
                        "m_LiquidType": 0,
                        "m_Temperature": 0
                    },
                    "m_Attachments": []
                }
            ]
        },
        {
            "m_Classname": "ExpansionFloorKit",