{
    "m_IsLocalPosition": 0,
    "m_Items": [
        {
            "m_Classname": "BF_DoubleDoorBarricade",
            "m_LocalPosition": [
                7501.87939453125,
                121.55186462402344,
                6347.6962890625
            ],
            "m_LocalRotation": [
                128.41824340820313,
                0.000010017910426540766,
                -5.784469257752445e-12
            ],
            "m_Data": {
                "m_Health": 100.0,
                "m_Quantity": 0.0,
                "m_LiquidType": 0,
                "m_Temperature": 0
            },
            "m_ConstructionParts": [],
            "m_Attachments": []
        }
    ]
}