{
    "m_IsLocalPosition": 0,
    "m_Items": [
        {
            "m_Classname": "ExpansionRoofKit",
            "m_LocalPosition": [
                2951.80712890625,
                240.3889617919922,
                476.2481689453125
            ],
            "m_LocalRotation": [
                -162.69723510742188,
                -88.23562622070313,
                -10.734950065612793
            ],
            "m_Data": {
                "m_Health": 100.0,
                "m_Quantity": 0.0,
                "m_LiquidType": 0,
                "m_Temperature": 0
            },
            "m_ConstructionParts": [],
            "m_Attachments": [
                {
                    "m_Classname": "Rope",
                    "m_Data": {
                        "m_Health": 200.0,
                        "m_Quantity": 0.0,
                        "m_LiquidType": 0,
                        "m_Temperature": 0
                    },
                    "m_Attachments": []
                }
            ]
        },
        {
            "m_Classname": "ExpansionWallKit",
            "m_LocalPosition": [
                2964.452880859375,
                205.90228271484376,
                493.9353332519531
            ],
            "m_LocalRotation": [
                31.61349868774414,
                -47.205501556396487,
                166.87696838378907
            ],
            "m_Data": {
                "m_Health": 100.0,
                "m_Quantity": 0.0,
                "m_LiquidType": 0,
                "m_Temperature": 0
            },
            "m_ConstructionParts": [],
            "m_Attachments": [
                {
                    "m_Classname": "Rope",
                    "m_Data": {
                        "m_Health": 200.0,
                        "m_Quantity": 0.0,
                        "m_LiquidType": 0,
                        "m_Temperature": 0
                    },
                    "m_Attachments": []
                }
            ]
        },
        {
            "m_Classname": "ExpansionWallKit",
            "m_LocalPosition": [
                2964.452880859375,
                210.47109985351563,
                493.9353332519531
            ],
            "m_LocalRotation": [
                40.006954193115237,
                -72.99441528320313,
                86.21638488769531
            ],
            "m_Data": {
                "m_Health": 100.0,
                "m_Quantity": 0.0,
                "m_LiquidType": 0,
                "m_Temperature": 0
            },
            "m_ConstructionParts": [],
            "m_Attachments": [
                {
                    "m_Classname": "Rope",
                    "m_Data": {
                        "m_Health": 200.0,
                        "m_Quantity": 0.0,
                        "m_LiquidType": 0,
                        "m_Temperature": 0
                    },
                    "m_Attachments": []
                }
            ]
        },
        {
            "m_Classname": "ExpansionWallKit",
            "m_LocalPosition": [
                2946.899169921875,
                262.0879821777344,
                471.0188293457031
            ],
            "m_LocalRotation": [
                111.77230072021485,
                -90.0,
                -79.94393920898438
            ],
            "m_Data": {
                "m_Health": 100.0,
                "m_Quantity": 0.0,
                "m_LiquidType": 0,
                "m_Temperature": 0
            },
            "m_ConstructionParts": [],
            "m_Attachments": [
                {
                    "m_Classname": "Rope",
                    "m_Data": {
                        "m_Health": 200.0,
                        "m_Quantity": 0.0,
                        "m_LiquidType": 0,
                        "m_Temperature": 0
                    },
                    "m_Attachments": []
                }
            ]
        }
    ]
}