{
    "m_IsLocalPosition": 0,
    "m_Items": [
        {
            "m_Classname": "BF_DoubleDoorBarricade",
            "m_LocalPosition": [
                7493.04345703125,
                124.07875061035156,
                6338.2060546875
            ],
            "m_LocalRotation": [
                131.0421905517578,
                -0.000007084383014444029,
                0.000006429289442166919
            ],
            "m_Data": {
                "m_Health": 100.0,
                "m_Quantity": 0.0,
                "m_LiquidType": 0,
                "m_Temperature": 0
            },
            "m_ConstructionParts": [],
            "m_Attachments": []
        }
    ]
}