{
    "m_IsLocalPosition": 0,
    "m_Items": [
        {
            "m_Classname": "BF_DoubleDoorBarricade",
            "m_LocalPosition": [
                7490.0458984375,
                124.07875061035156,
                6340.74951171875
            ],
            "m_LocalRotation": [
                -51.172237396240237,
                0.000008789599633018952,
                -0.000002756058393060812
            ],
            "m_Data": {
                "m_Health": 100.0,
                "m_Quantity": 0.0,
                "m_LiquidType": 0,
                "m_Temperature": 0
            },
            "m_ConstructionParts": [],
            "m_Attachments": []
        }
    ]
}