{
    "m_IsLocalPosition": 0,
    "m_Items": [
        {
            "m_Classname": "BF_DoubleDoorBarricade",
            "m_LocalPosition": [
                7490.08056640625,
                124.07875061035156,
                6340.74462890625
            ],
            "m_LocalRotation": [
                -49.96562576293945,
                0.000008699995305505582,
                -0.000002879731255234219
            ],
            "m_Data": {
                "m_Health": 100.0,
                "m_Quantity": 0.0,
                "m_LiquidType": 0,
                "m_Temperature": 0
            },
            "m_ConstructionParts": [],
            "m_Attachments": []
        }
    ]
}