{
    "m_IsLocalPosition": 0,
    "m_Items": [
        {
            "m_Classname": "BF_DoubleDoorBarricade",
            "m_LocalPosition": [
                7496.27197265625,
                124.07703399658203,
                6341.9794921875
            ],
            "m_LocalRotation": [
                -140.084228515625,
                -0.000007683624062337913,
                -0.000006428100732591702
            ],
            "m_Data": {
                "m_Health": 100.0,
                "m_Quantity": 0.0,
                "m_LiquidType": 0,
                "m_Temperature": 0
            },
            "m_ConstructionParts": [],
            "m_Attachments": []
        }
    ]
}