{
    "m_IsLocalPosition": 0,
    "m_Items": [
        {
            "m_Classname": "BF_DoubleDoorBarricade",
            "m_LocalPosition": [
                2953.671630859375,
                248.26028442382813,
                470.3312683105469
            ],
            "m_LocalRotation": [
                112.38822174072266,
                0.000010017911336035468,
                8.206093443652307e-11
            ],
            "m_Data": {
                "m_Health": 100.0,
                "m_Quantity": 0.0,
                "m_LiquidType": 0,
                "m_Temperature": 0
            },
            "m_ConstructionParts": [],
            "m_Attachments": []
        }
    ]
}